{
	"format_version": "1.8.0",
	"animations": {
		"animation.baby_tiger.idle": {
			"loop": true,
			"animation_length": 1,
			"bones": {
				"tail_tip": {
					"rotation": {
						"0.0": {
							"vector": [20.01122, 1.87934, 0.68429]
						},
						"0.5": {
							"vector": [20.01122, -1.87934, -0.68429]
						},
						"1.0": {
							"vector": [20.01122, 1.87934, 0.68429]
						}
					}
				},
				"tail_middle": {
					"rotation": {
						"0.0": {
							"vector": [25.01338, 1.81255, 0.84552]
						},
						"0.5": {
							"vector": [25.01338, -1.81255, -0.84552]
						},
						"1.0": {
							"vector": [25.01338, 1.81255, 0.84552]
						}
					}
				},
				"tail_main": {
					"rotation": {
						"0.0": {
							"vector": [-42.50435, 0.73726, -0.67563]
						},
						"0.5": {
							"vector": [-42.50435, -0.73726, 0.67563]
						},
						"1.0": {
							"vector": [-42.50435, 0.73726, -0.67563]
						}
					}
				},
				"body": {
					"position": {
						"0.0": {
							"vector": [0, 0, 0]
						},
						"0.5": {
							"vector": [0, 0.01, 0]
						},
						"1.0": {
							"vector": [0, 0, 0]
						}
					}
				},
				"head": {
					"position": {
						"0.0": {
							"vector": [0, 0, 0]
						},
						"0.5": {
							"vector": [0, 0.01, 0]
						},
						"1.0": {
							"vector": [0, 0, 0]
						}
					}
				},
				"eyes": {
					"scale": {
						"0.25": {
							"vector": [1, 1, 1]
						},
						"0.3333": {
							"vector": [1, 0, 1]
						},
						"0.4167": {
							"vector": [1, 1, 1]
						}
					}
				}
			}
		},
		"animation.baby_tiger.walk": {
			"loop": true,
			"animation_length": 1,
			"bones": {
				"tail_tip": {
					"rotation": {
						"0.0": {
							"vector": [32.59907, -4.21541, -2.69136]
						},
						"0.5": {
							"vector": [32.59907, 4.21541, 2.69136]
						},
						"1.0": {
							"vector": [32.59907, -4.21541, -2.69136]
						}
					}
				},
				"tail_middle": {
					"rotation": {
						"0.0": {
							"vector": [32.52473, 2.10829, 1.34386]
						},
						"0.5": {
							"vector": [32.58021, -3.79413, -2.42139]
						},
						"1.0": {
							"vector": [32.52473, 2.10829, 1.34386]
						}
					}
				},
				"tail_main": {
					"rotation": {
						"0.0": {
							"vector": [-55.00522, 0.52824, -1.13292]
						},
						"0.5": {
							"vector": [-55.00522, -0.52824, 1.13292]
						},
						"1.0": {
							"vector": [-55.00522, 0.52824, -1.13292]
						}
					}
				},
				"head": {
					"rotation": {
						"0.0": {
							"vector": [0, -1, 1]
						},
						"0.5": {
							"vector": [0.0349, 1.00061, -0.99909]
						},
						"1.0": {
							"vector": [0, -1, 1]
						}
					},
					"position": {
						"0.0": {
							"vector": [0, 0, 0]
						},
						"0.25": {
							"vector": [0, -0.1, 0]
						},
						"0.5": {
							"vector": [0, 0, 0]
						},
						"0.75": {
							"vector": [0, -0.1, 0]
						},
						"1.0": {
							"vector": [0, 0, 0]
						}
					}
				},
				"left_ear": {
					"rotation": {
						"vector": [18.26863, -29.8742, 14.61934]
					}
				},
				"right_ear": {
					"rotation": {
						"vector": [18.26863, 29.8742, -14.61934]
					}
				},
				"left_leg_front": {
					"rotation": {
						"0.0": {
							"vector": [0, 0, 2.5]
						},
						"0.25": {
							"vector": [0, 0, 0]
						},
						"0.5": {
							"vector": [7.5, 0, 0]
						},
						"0.875": {
							"vector": [-2.49762, 0.10901, 2.49762]
						},
						"1.0": {
							"vector": [0, 0, 2.5]
						}
					},
					"position": {
						"0.0": {
							"vector": [0, 0, -0.75]
						},
						"0.25": {
							"vector": [0, 0, 0]
						},
						"0.5": {
							"vector": [0, 1, 0]
						},
						"0.75": {
							"vector": [0, 1, -0.75]
						},
						"1.0": {
							"vector": [0, 0, -0.75]
						}
					}
				},
				"right_leg_front": {
					"rotation": {
						"0.0": {
							"vector": [7.5, 0, 0]
						},
						"0.375": {
							"vector": [-2.49762, -0.10901, -2.49762]
						},
						"0.5": {
							"vector": [0, 0, -2.5]
						},
						"0.75": {
							"vector": [0, 0, 0]
						},
						"1.0": {
							"vector": [7.5, 0, 0]
						}
					},
					"position": {
						"0.0": {
							"vector": [0, 1, 0]
						},
						"0.25": {
							"vector": [0, 1, -0.75]
						},
						"0.5": {
							"vector": [0, 0, -0.75]
						},
						"0.75": {
							"vector": [0, 0, 0]
						},
						"1.0": {
							"vector": [0, 1, 0]
						}
					}
				},
				"right_leg_back": {
					"rotation": {
						"0.0": {
							"vector": [0, 0, -2.5]
						},
						"0.25": {
							"vector": [0, 0, 0]
						},
						"0.5": {
							"vector": [7.5, 0, 0]
						},
						"0.875": {
							"vector": [-2.49762, -0.10901, -2.49762]
						},
						"1.0": {
							"vector": [0, 0, -2.5]
						}
					},
					"position": {
						"0.0": {
							"vector": [0, 0, -0.75]
						},
						"0.25": {
							"vector": [0, 0, 0]
						},
						"0.5": {
							"vector": [0, 1, 0]
						},
						"0.75": {
							"vector": [0, 1, -0.75]
						},
						"1.0": {
							"vector": [0, 0, -0.75]
						}
					}
				},
				"left_leg_back": {
					"rotation": {
						"0.0": {
							"vector": [7.5, 0, 0]
						},
						"0.375": {
							"vector": [-2.49762, 0.10901, 2.49762]
						},
						"0.5": {
							"vector": [0, 0, 2.5]
						},
						"0.75": {
							"vector": [0, 0, 0]
						},
						"1.0": {
							"vector": [7.5, 0, 0]
						}
					},
					"position": {
						"0.0": {
							"vector": [0, 1, 0]
						},
						"0.25": {
							"vector": [0, 1, -0.75]
						},
						"0.5": {
							"vector": [0, 0, -0.75]
						},
						"0.75": {
							"vector": [0, 0, 0]
						},
						"1.0": {
							"vector": [0, 1, 0]
						}
					}
				},
				"eyes": {
					"scale": {
						"0.25": {
							"vector": [1, 1, 1]
						},
						"0.3333": {
							"vector": [1, 0, 1]
						},
						"0.4167": {
							"vector": [1, 1, 1]
						}
					}
				},
				"back": {
					"rotation": {
						"0.0": {
							"vector": [0, 0, -1]
						},
						"0.5": {
							"vector": [0, 0, 1]
						},
						"1.0": {
							"vector": [0, 0, -1]
						}
					}
				},
				"chest": {
					"rotation": {
						"0.0": {
							"vector": [0, 0, 1.5]
						},
						"0.5": {
							"vector": [0, 0, -1.5]
						},
						"1.0": {
							"vector": [0, 0, 1.5]
						}
					},
					"scale": {
						"0.0": {
							"vector": [1, 1, 1]
						},
						"0.5": {
							"vector": [1.005, 1, 1]
						},
						"1.0": {
							"vector": [1, 1, 1]
						}
					}
				}
			}
		},
		"animation.baby_tiger.sit": {
			"loop": true,
			"animation_length": 1,
			"bones": {
				"tail_tip": {
					"rotation": {
						"vector": [5, -42.5, 0]
					}
				},
				"tail_middle": {
					"rotation": {
						"vector": [33.6179, -47.35471, -27.41448]
					}
				},
				"tail_main": {
					"rotation": {
						"vector": [-22.5, 0, 0]
					},
					"position": {
						"vector": [0, -5, -2]
					}
				},
				"body": {
					"position": {
						"vector": [0, -1.25, 0]
					}
				},
				"head": {
					"position": {
						"vector": [0, -1, 0]
					}
				},
				"right_leg_back": {
					"rotation": {
						"vector": [-90, 15, 0]
					},
					"position": {
						"vector": [-2, -2.5, 0]
					}
				},
				"left_leg_back": {
					"rotation": {
						"vector": [-90, -15, 0]
					},
					"position": {
						"vector": [2, -2.5, -1]
					}
				},
				"back": {
					"rotation": {
						"vector": [-35, 0, 0]
					},
					"position": {
						"vector": [0, -2, -2]
					}
				},
				"eyes": {
					"scale": {
						"0.25": {
							"vector": [1, 1, 1]
						},
						"0.3333": {
							"vector": [1, 0, 1]
						},
						"0.4167": {
							"vector": [1, 1, 1]
						}
					}
				}
			}
		},
		"animation.baby_tiger.sleep": {
			"loop": true,
			"animation_length": 1,
			"bones": {
				"baby_tiger": {
					"position": {
						"vector": [0, -3, 0]
					}
				},
				"tail_tip": {
					"rotation": {
						"vector": [6.70399, 34.50001, 26.11863]
					}
				},