{
	"format_version": "1.8.0",
	"animations": {
		"animation.catfish.idle": {
			"loop": true,
			"animation_length": 1,
			"bones": {
				"bone2": {
					"rotation": {
						"0.0": {
							"vector": [0, 0, -7.5]
						},
						"0.5": {
							"vector": [0, 0, -7]
						},
						"1.0": {
							"vector": [0, 0, -7.5]
						}
					}
				},
				"bone3": {
					"rotation": {
						"0.0": {
							"vector": [0, 0, 7.5]
						},
						"0.5": {
							"vector": [0, 0, 7]
						},
						"1.0": {
							"vector": [0, 0, 7.5]
						}
					}
				},
				"bone4": {
					"rotation": {
						"0.0": {
							"vector": [15.5, 14.5, 4]
						},
						"0.5": {
							"vector": [15.5, 14, 4]
						},
						"1.0": {
							"vector": [15.5, 14.5, 4]
						}
					}
				},
				"bone5": {
					"rotation": {
						"0.0": {
							"vector": [15.5, -14.5, -4]
						},
						"0.5": {
							"vector": [15.5, -14, -4]
						},
						"1.0": {
							"vector": [15.5, -14.5, -4]
						}
					}
				},
				"bone6": {
					"rotation": {
						"0.0": {
							"vector": [-17.64168, 7.15102, -2.26708]
						},
						"0.5": {
							"vector": [-17.14168, 7.15102, -2.26708]
						},
						"1.0": {
							"vector": [-17.64168, 7.15102, -2.26708]
						}
					}
				},
				"bone7": {
					"rotation": {
						"0.0": {
							"vector": [-17.64168, -7.15102, 2.26708]
						},
						"0.5": {
							"vector": [-17.14168, -7.15102, 2.26708]
						},
						"1.0": {
							"vector": [-17.64168, -7.15102, 2.26708]
						}
					}
				},
				"back_fin": {
					"rotation": {
						"0.0": {
							"vector": [0, 0, -0.5]
						},
						"0.5": {
							"vector": [0, 0, 0.5]
						},
						"1.0": {
							"vector": [0, 0, -0.5]
						}
					}
				},
				"fin_right": {
					"rotation": {
						"0.0": {
							"vector": [-57.62441, 61.09544, -60.96801]
						},
						"0.5": {
							"vector": [-56.72688, 60.8498, -60.18321]
						},
						"1.0": {
							"vector": [-57.62441, 61.09544, -60.96801]
						}
					}
				},
				"fin_left": {
					"rotation": {
						"0.0": {
							"vector": [-57.62441, -61.09544, 60.96801]
						},
						"0.5": {
							"vector": [-56.72688, -60.8498, 60.18321]
						},
						"1.0": {
							"vector": [-57.62441, -61.09544, 60.96801]
						}
					}
				},
				"tail": {
					"rotation": {
						"0.0": {
							"vector": [0, 0.2, 0]
						},
						"0.5": {
							"vector": [0, -0.2, 0]
						},
						"1.0": {
							"vector": [0, 0.2, 0]
						}
					}
				},
				"tail_fin_right": {
					"rotation": {
						"0.0": {
							"vector": [0, 0, -60]
						},
						"0.5": {
							"vector": [0, 0, -59]
						},
						"1.0": {
							"vector": [0, 0, -60]
						}
					}
				},
				"tail_fin_left": {
					"rotation": {
						"0.0": {
							"vector": [0, 0, 60]
						},
						"0.5": {
							"vector": [0, 0, 59]
						},
						"1.0": {
							"vector": [0, 0, 60]
						}
					}
				},
				"tail_tip": {
					"rotation": {
						"0.0": {
							"vector": [0, 0.2, 0]
						},
						"0.5": {
							"vector": [0, -0.2, 0]
						},
						"1.0": {
							"vector": [0, 0.2, 0]
						}
					}
				}
			}
		},
		"animation.catfish.swim": {
			"loop": true,
			"animation_length": 1,
			"bones": {
				"head": {
					"rotation": {
						"0.0": {
							"vector": [0, -0.5, 0]
						},
						"0.5": {
							"vector": [0, 0.5, 0]
						},
						"1.0": {
							"vector": [0, -0.5, 0]
						}
					}
				},
				"bone2": {
					"rotation": {
						"0.0": {
							"vector": [0, 0, -7.5]
						},
						"0.5": {
							"vector": [0, 0, -6]
						},
						"1.0": {
							"vector": [0, 0, -7.5]
						}
					}
				},
				"bone3": {
					"rotation": {
						"0.0": {
							"vector": [0, 0, 7.5]
						},
						"0.5": {
							"vector": [0, 0, 6]
						},
						"1.0": {
							"vector": [0, 0, 7.5]
						}
					}
				},
				"bone4": {
					"rotation": {
						"0.0": {
							"vector": [15.5, 14.5, 4]
						},
						"0.5": {
							"vector": [15.5, 13.5, 4]
						},
						"1.0": {
							"vector": [15.5, 14.5, 4]
						}
					}
				},
				"bone5": {
					"rotation": {
						"0.0": {
							"vector": [15.5, -14.5, -4]
						},
						"0.5": {
							"vector": [15.5, -13.5, -4]
						},
						"1.0": {
							"vector": [15.5, -14.5, -4]
						}
					}
				},
				"bone6": {
					"rotation": {
						"0.0": {
							"vector": [-17.64168, 7.15102, -2.26708]
						},
						"0.5": {
							"vector": [-15.14168, 7.15102, -2.26708]
						},
						"1.0": {
							"vector": [-17.64168, 7.15102, -2.26708]
						}
					}
				},
				"bone7": {
					"rotation": {
						"0.0": {
							"vector": [-17.64168, -7.15102, 2.26708]
						},
						"0.5": {
							"vector": [-15.14168, -7.15102, 2.26708]
						},
						"1.0": {
							"vector": [-17.64168, -7.15102, 2.26708]
						}
					}
				},
				"back_fin": {
					"rotation": {
						"0.0": {
							"vector": [0, 0, -1]
						},
						"0.5": {
							"vector": [0, 0, 1]
						},
						"1.0": {
							"vector": [0, 0, -1]
						}
					}
				},
				"fin_right": {
					"rotation": {
						"0.0": {
							"vector": [-57.62441, 61.09544, -60.96801]
						},
						"0.5": {
							"vector": [-46.43569, 60.24584, -50.45318]
						},
						"1.0": {
							"vector": [-57.62441, 61.09544, -60.96801]
						}
					}
				},
				"fin_left": {
					"rotation": {
						"0.0": {
							"vector": [-57.62441, -61.09544, 60.96801]
						},
						"0.5": {
							"vector": [-46.43569, -60.24584, 50.45318]
						},
						"1.0": {
							"vector": [-57.62441, -61.09544, 60.96801]
						}
					}
				},
				"tail": {
					"rotation": {
						"0.0": {
							"vector": [0, 0.75, 0]
						},
						"0.5": {
							"vector": [0, -0.75, 0]
						},
						"1.0": {
							"vector": [0, 0.75, 0]
						}
					}
				},
				"tail_fin_right": {
					"rotation": {
						"0.0": {
							"vector": [0, 0, -60]
						},
						"0.5": {
							"vector": [0, 0, -55]
						},
						"1.0": {
							"vector": [0, 0, -60]
						}
					}
				},
				"tail_fin_left": {
					"rotation": {
						"0.0": {
							"vector": [0, 0, 60]
						},
						"0.5": {
							"vector": [0, 0, 55]
						},
						"1.0": {
							"vector": [0, 0, 60]
						}
					}
				},
				"tail_tip": {
					"rotation": {
						"0.0": {
							"vector": [0, 1.25, 0]
						},
						"0.5": {
							"vector": [0, -1.25, 0]
						},
						"1.0": {
							"vector": [0, 1.25, 0]
						}
					}
				},
				"tail_tip_fin": {
					"rotation": {
						"0.0": {
							"vector": [0, 2.75, 0]
						},
						"0.5": {
							"vector": [0, -2.75, 0]
						},
						"1.0": {
							"vector": [0, 2.75, 0]
						}
					}
				}
			}
		},
		"animation.catfish.beached": {
			"loop": true,
			"animation_length": 1,
			"bones": {
				"bone2": {
					"rotation": {
						"vector": [0, 0, -7.5]
					}
				},
				"bone3": {
					"rotation": {
						"vector": [0, 0, 7.5]
					}
				},
				"bone4": {
					"rotation": {
						"vector": [20.5, 14.5, 4]
					}
				},
				"bone5": {
					"rotation": {
						"vector": [20.5, -14.5, -4]
					}
				},
				"back_fin": {
					"rotation": {
						"vector": [0, 0, -17.5]
					}
				},
				"fin_right": {
					"rotation": {
						"vector": [-15, 65, 0]
					}
				},
				"fin_left": {
					"rotation": {
						"vector": [-15, -65, 0]
					}
				},
				"tail": {
					"rotation": {
						"vector": [0, -5, 0]
					}
				},
				"tail_fin_right": {
					"rotation": {
						"vector": [0, 0, -15]
					}
				},
				"tail_fin_left": {
					"rotation": {
						"vector": [0, 0, 15]
					}
				},
				"tail_tip": {
					"rotation": {
						"vector": [0, -5, 0]
					}
				},
				"tail_tip_fin": {
					"rotation": {
						"vector": [0, 0, -7.5]
					}
				}
			}
		}
	},
	"geckolib_format_version": 2
}