{
	"format_version": "1.8.0",
	"animations": {
		"animation.cheetah.idle": {
			"loop": true,
			"animation_length": 1,
			"bones": {
				"eyes": {
					"scale": {
						"0.25": {
							"vector": [1, 1, 1]
						},
						"0.3333": {
							"vector": [1, 0, 1]
						},
						"0.4167": {
							"vector": [1, 1, 1]
						}
					}
				},
				"body_main": {
					"scale": {
						"0.0": {
							"vector": [1, 1, 1]
						},
						"0.5": {
							"vector": [1.0025, 1, 1]
						},
						"1.0": {
							"vector": [1, 1, 1]
						}
					}
				},
				"tail_main": {
					"rotation": {
						"0.0": {
							"vector": [-45.00436, 0.70709, -0.70714]
						},
						"0.5": {
							"vector": [-45.00436, -0.70709, 0.70714]
						},
						"1.0": {
							"vector": [-45.00436, 0.70709, -0.70714]
						}
					}
				},
				"tail_middle": {
					"rotation": {
						"0.0": {
							"vector": [35.01641, 1.63819, 1.14747]
						},
						"0.5": {
							"vector": [35.01641, -1.63819, -1.14747]
						},
						"1.0": {
							"vector": [35.01641, 1.63819, 1.14747]
						}
					}
				},
				"tail_tip": {
					"rotation": {
						"vector": [17.5, 0, 0]
					}
				}
			}
		},
		"animation.cheetah.swim": {
			"loop": true,
			"animation_length": 1,
			"bones": {
				"eyes": {
					"scale": {
						"0.25": {
							"vector": [1, 1, 1]
						},
						"0.3333": {
							"vector": [1, 0, 1]
						},
						"0.4167": {
							"vector": [1, 1, 1]
						}
					}
				},
				"body_main": {
					"rotation": {
						"0.0": {
							"vector": [0, 0, -1]
						},
						"0.5": {
							"vector": [0, 0, 1]
						},
						"1.0": {
							"vector": [0, 0, -1]
						}
					},
					"scale": {
						"0.0": {
							"vector": [1, 1, 1]
						},
						"0.5": {
							"vector": [1.0025, 1, 1]
						},
						"1.0": {
							"vector": [1, 1, 1]
						}
					}
				},
				"tail_main": {
					"rotation": {
						"0.0": {
							"vector": [-30.00436, 0.70709, -0.70714]
						},
						"0.5": {
							"vector": [-30.00436, -0.70709, 0.70714]
						},
						"1.0": {
							"vector": [-30.00436, 0.70709, -0.70714]
						}
					}
				},
				"tail_middle": {
					"rotation": {
						"0.0": {
							"vector": [35.01641, 1.63819, 1.14747]
						},
						"0.5": {
							"vector": [35.01641, -1.63819, -1.14747]
						},
						"1.0": {
							"vector": [35.01641, 1.63819, 1.14747]
						}
					}
				},
				"tail_tip": {
					"rotation": {
						"vector": [17.5, 0, 0]
					}
				},
				"head": {
					"rotation": {
						"0.0": {
							"vector": [-5, 0, 0]
						},
						"0.5": {
							"vector": [-4, 0, 0]
						},
						"1.0": {
							"vector": [-5, 0, 0]
						}
					}
				},
				"back": {
					"rotation": {
						"0.0": {
							"vector": [0, 0, 0.5]
						},
						"0.5": {
							"vector": [0, 0, -0.5]
						},
						"1.0": {
							"vector": [0, 0, 0.5]
						}
					}
				},
				"left_leg_back": {
					"rotation": {
						"0.0": {
							"vector": [7.5, 0, 0]
						},
						"0.5": {
							"vector": [-7.5, 0, 0]
						},
						"1.0": {
							"vector": [7.5, 0, 0]
						}
					}
				},
				"right_leg_back": {
					"rotation": {
						"0.0": {
							"vector": [-7.5, 0, 0]
						},
						"0.5": {
							"vector": [7.5, 0, 0]
						},
						"1.0": {
							"vector": [-7.5, 0, 0]
						}
					}
				},
				"left_leg_front": {
					"rotation": {
						"0.0": {
							"vector": [-7.5, 0, 0]
						},
						"0.5": {
							"vector": [7.5, 0, 0]
						},
						"1.0": {
							"vector": [-7.5, 0, 0]
						}
					}
				},
				"right_leg_front": {
					"rotation": {
						"0.0": {
							"vector": [7.5, 0, 0]
						},
						"0.5": {
							"vector": [-7.5, 0, 0]
						},
						"1.0": {
							"vector": [7.5, 0, 0]
						}
					}
				}
			}
		},
		"animation.cheetah.walk": {
			"loop": true,
			"animation_length": 1,
			"bones": {
				"eyes": {
					"scale": {
						"0.25": {
							"vector": [1, 1, 1]
						},
						"0.3333": {
							"vector": [1, 0, 1]
						},
						"0.4167": {
							"vector": [1, 1, 1]
						}
					}
				},
				"body_main": {
					"rotation": {
						"0.0": {
							"vector": [0, 0, -1]
						},
						"0.5": {
							"vector": [0, 0, 1]
						},
						"1.0": {
							"vector": [0, 0, -1]
						}
					},
					"scale": {
						"0.0": {
							"vector": [1, 1, 1]
						},
						"0.5": {
							"vector": [1.0025, 1, 1]
						},
						"1.0": {
							"vector": [1, 1, 1]
						}
					}
				},
				"tail_main": {
					"rotation": {
						"0.0": {
							"vector": [-45.00436, 0.70709, -0.70714]
						},
						"0.5": {
							"vector": [-45.00436, -0.70709, 0.70714]
						},
						"1.0": {
							"vector": [-45.00436, 0.70709, -0.70714]
						}
					}
				},
				"tail_middle": {
					"rotation": {
						"0.0": {
							"vector": [35.01641, 1.63819, 1.14747]
						},
						"0.5": {
							"vector": [35.01641, -1.63819, -1.14747]
						},
						"1.0": {
							"vector": [35.01641, 1.63819, 1.14747]
						}
					}
				},
				"tail_tip": {
					"rotation": {
						"vector": [17.5, 0, 0]
					}
				},
				"head": {
					"rotation": {
						"0.0": {
							"vector": [0, 0, 0.5]
						},
						"0.5": {
							"vector": [0, 0, -0.5]
						},
						"1.0": {
							"vector": [0, 0, 0.5]
						}
					}
				},
				"back": {
					"rotation": {
						"0.0": {
							"vector": [0, 0, 0.5]
						},
						"0.5": {
							"vector": [0, 0, -0.5]
						},
						"1.0": {
							"vector": [0, 0, 0.5]
						}
					}
				},
				"left_leg_back": {
					"rotation": {
						"0.0": {
							"vector": [0, 0, 0]
						},
						"0.25": {
							"vector": [7.5, 0, 0]
						},
						"0.5": {
							"vector": [-5, 0, 0]
						},
						"0.75": {
							"vector": [0, 0, 0]
						},
						"1.0": {
							"vector": [0, 0, 0]
						}
					},
					"position": {
						"0.0": {
							"vector": [0, 0, 0]
						},
						"0.25": {
							"vector": [0, 1, 0]
						},
						"0.5": {
							"vector": [0, 1, -0.5]
						},
						"0.75": {
							"vector": [0, 0, -0.5]
						},
						"1.0": {
							"vector": [0, 0, 0]
						}
					}
				},
				"right_leg_back": {
					"rotation": {
						"0.0": {
							"vector": [-5, 0, 0]
						},
						"0.25": {
							"vector": [0, 0, 0]
						},
						"0.5": {
							"vector": [0, 0, 0]
						},
						"0.75": {
							"vector": [7.5, 0, 0]
						},
						"1.0": {
							"vector": [-5, 0, 0]
						}
					},
					"position": {
						"0.0": {
							"vector": [0, 1, -0.5]
						},
						"0.25": {
							"vector": [0, 0, -0.5]
						},
						"0.5": {
							"vector": [0, 0, 0]
						},
						"0.75": {
							"vector": [0, 1, 0]
						},
						"1.0": {
							"vector": [0, 1, -0.5]
						}
					}
				},
				"left_leg_front": {
					"rotation": {
						"0.0": {
							"vector": [-5, 0, 0]
						},
						"0.25": {
							"vector": [0, 0, 0]
						},
						"0.5": {
							"vector": [0, 0, 0]
						},
						"0.75": {
							"vector": [7.5, 0, 0]
						},
						"1.0": {
							"vector": [-5, 0, 0]
						}
					},
					"position": {
						"0.0": {
							"vector": [0, 1, -0.5]
						},
						"0.25": {
							"vector": [0, 0, -0.5]
						},
						"0.5": {
							"vector": [0, 0, 0]
						},
						"0.75": {
							"vector": [0, 1, 0]
						},
						"1.0": {
							"vector": [0, 1, -0.5]
						}
					}
				},
				"right_leg_front": {
					"rotation": {
						"0.0": {
							"vector": [0, 0, 0]
						},
						"0.25": {
							"vector": [7.5, 0, 0]
						},
						"0.5": {
							"vector": [-5, 0, 0]
						},
						"0.75": {
							"vector": [0, 0, 0]
						},
						"1.0": {
							"vector": [0, 0, 0]
						}
					},
					"position": {
						"0.0": {
							"vector": [0, 0, 0]
						},
						"0.25": {
							"vector": [0, 1, 0]
						},
						"0.5": {
							"vector": [0, 1, -0.5]
						},
						"0.75": {
							"vector": [0, 0, -0.5]
						},
						"1.0": {
							"vector": [0, 0, 0]
						}
					}
				}
			}
		},
		"animation.cheetah.run": {
			"loop": true,
			"animation_length": 0.6667,