{
	"format_version": "1.8.0",
	"animations": {
		"animation.hermit_crab.walk": {
			"loop": true,
			"animation_length": 0.6667,
			"bones": {
				"left_leg_1": {
					"rotation": {
						"0.0": {
							"vector": [14.97401, 20.25437, 37.68944]
						},
						"0.1667": {
							"vector": [4.62934, 24.59477, 11.00966]
						},
						"0.3333": {
							"vector": [14.97401, 20.25437, 37.68944]
						},
						"0.5": {
							"vector": [4.62934, 24.59477, 11.00966]
						},
						"0.6667": {
							"vector": [14.97401, 20.25437, 37.68944]
						}
					}
				},
				"left_leg_2": {
					"rotation": {
						"0.0": {
							"vector": [1.6575, 12.39135, 7.67995]
						},
						"0.1667": {
							"vector": [7.24677, 10.21235, 35.6484]
						},
						"0.3333": {
							"vector": [1.6575, 12.39135, 7.67995]
						},
						"0.5": {
							"vector": [7.24677, 10.21235, 35.6484]
						},
						"0.6667": {
							"vector": [1.6575, 12.39135, 7.67995]
						}
					}
				},
				"left_leg_3": {
					"rotation": {
						"0.0": {
							"vector": [2.87277, 4.09405, 35.1027]
						},
						"0.1667": {
							"vector": [0.87038, 4.92385, 10.03742]
						},
						"0.3333": {
							"vector": [2.87277, 4.09405, 35.1027]
						},
						"0.5": {
							"vector": [0.87038, 4.92385, 10.03742]
						},
						"0.6667": {
							"vector": [2.87277, 4.09405, 35.1027]
						}
					}
				},
				"right_leg_1": {
					"rotation": {
						"0.0": {
							"vector": [3.48303, -24.77164, -8.26511]
						},
						"0.1667": {
							"vector": [14.97401, -20.25437, -37.68944]
						},
						"0.3333": {
							"vector": [3.48303, -24.77164, -8.26511]
						},
						"0.5": {
							"vector": [14.97401, -20.25437, -37.68944]
						},
						"0.6667": {
							"vector": [3.48303, -24.77164, -8.26511]
						}
					}
				},
				"right_leg_2": {
					"rotation": {
						"0.0": {
							"vector": [7.24677, -10.21235, -35.6484]
						},
						"0.1667": {
							"vector": [1.6575, -12.39135, -7.67995]
						},
						"0.3333": {
							"vector": [7.24677, -10.21235, -35.6484]
						},
						"0.5": {
							"vector": [1.6575, -12.39135, -7.67995]
						},
						"0.6667": {
							"vector": [7.24677, -10.21235, -35.6484]
						}
					}
				},
				"right_leg_3": {
					"rotation": {
						"0.0": {
							"vector": [0.65426, -4.95712, -7.52832]
						},
						"0.1667": {
							"vector": [2.87277, -4.09405, -35.1027]
						},
						"0.3333": {
							"vector": [0.65426, -4.95712, -7.52832]
						},
						"0.5": {
							"vector": [2.87277, -4.09405, -35.1027]
						},
						"0.6667": {
							"vector": [0.65426, -4.95712, -7.52832]
						}
					}
				},
				"shell": {
					"rotation": {
						"0.0": {
							"vector": [0, 0, 1]
						},
						"0.3333": {
							"vector": [0, 0, -1]
						},
						"0.6667": {
							"vector": [0, 0, 1]
						}
					}
				},
				"body": {
					"rotation": {
						"0.0": {
							"vector": [0, 0, -1]
						},
						"0.3333": {
							"vector": [0, 0, 1]
						},
						"0.6667": {
							"vector": [0, 0, -1]
						}
					}
				},
				"right_eye": {
					"rotation": {
						"vector": [5, 20, 0]
					}
				},
				"left_eye": {
					"rotation": {
						"vector": [5, -20, 0]
					}
				},
				"left_arm": {
					"rotation": {
						"0.0": {
							"vector": [10, -40, 0]
						},
						"0.3333": {
							"vector": [12.5, -40, 0]
						},
						"0.6667": {
							"vector": [10, -40, 0]
						}
					}
				},
				"left_claw": {
					"rotation": {
						"vector": [5, 75, 0]
					}
				},
				"right_arm": {
					"rotation": {
						"0.0": {
							"vector": [7.5, 40, 0]
						},
						"0.3333": {
							"vector": [10, 40, 0]
						},
						"0.6667": {
							"vector": [7.5, 40, 0]
						}
					}
				},
				"right_claw": {
					"rotation": {
						"vector": [5, -75, 0]
					}
				}
			}
		},
		"animation.hermit_crab.idle": {
			"loop": true,
			"animation_length": 0.5,
			"bones": {
				"right_leg_1": {
					"rotation": {
						"vector": [14.97401, -20.25437, -37.68944]
					}
				},
				"right_leg_2": {
					"rotation": {
						"vector": [7.24677, -10.21235, -35.6484]
					}
				},
				"right_leg_3": {
					"rotation": {
						"vector": [2.87277, -4.09405, -35.1027]
					}
				},
				"left_leg_3": {
					"rotation": {
						"vector": [2.87277, 4.09405, 35.1027]
					}
				},
				"left_leg_2": {
					"rotation": {
						"vector": [7.24677, 10.21235, 35.6484]
					}
				},
				"left_leg_1": {
					"rotation": {
						"vector": [14.97401, 20.25437, 37.68944]
					}
				},
				"left_arm": {
					"rotation": {
						"vector": [10, -40, 0]
					}
				},
				"left_claw": {
					"rotation": {
						"vector": [5, 75, 0]
					}
				},
				"right_arm": {
					"rotation": {
						"vector": [7.5, 40, 0]
					}
				},
				"right_claw": {
					"rotation": {
						"vector": [5, -75, 0]
					}
				},
				"body": {
					"position": {
						"0.0": {
							"vector": [0, 0, 0]
						},
						"0.25": {
							"vector": [0, 0.0025, 0]
						},
						"0.5": {
							"vector": [0, 0, 0]
						}
					}
				},
				"left_eye": {
					"rotation": {
						"vector": [5, -20, 0]
					}
				},
				"right_eye": {
					"rotation": {
						"vector": [5, 20, 0]
					}
				}
			}
		},
		"animation.hermit_crab.hide": {
			"loop": "hold_on_last_frame",
			"animation_length": 0.4583,
			"bones": {
				"hermit_crab": {
					"position": {
						"0.0": {
							"vector": [0, 0, 0]
						},
						"0.125": {
							"vector": [0, 1, -1]
						},
						"0.25": {
							"vector": [0, 0, -2]
						}
					}
				},
				"left_arm": {
					"rotation": {
						"vector": [10, -40, 0]
					}
				},
				"left_claw": {
					"rotation": {
						"vector": [5, 75, 0]
					}
				},
				"right_arm": {
					"rotation": {
						"vector": [7.5, 40, 0]
					}
				},
				"right_claw": {
					"rotation": {
						"vector": [5, -75, 0]
					}
				},
				"shell": {
					"rotation": {
						"0.1667": {
							"vector": [0, 0, 0]
						},
						"0.2917": {
							"vector": [-25, 0, 0]
						},
						"0.375": {
							"vector": [-24.91643, -2.11089, -4.53359]
						},
						"0.4583": {
							"vector": [-25, 0, 0]
						}
					},
					"position": {
						"0.0": {
							"vector": [0, 0, 0]
						},
						"0.2917": {
							"vector": [0, -2, 0]
						}
					}
				},
				"right_leg_1": {
					"rotation": {
						"0.0": {
							"vector": [14.97401, -20.25437, -37.68944]
						},
						"0.125": {
							"vector": [18.2489, -17.38772, -47.81374]
						}
					}
				},
				"right_leg_2": {
					"rotation": {
						"0.0": {
							"vector": [7.24677, -10.21235, -35.6484]
						},
						"0.125": {
							"vector": [8.90928, -8.80348, -45.68718]
						}
					}
				},
				"right_leg_3": {
					"rotation": {
						"0.0": {
							"vector": [2.87277, -4.09405, -35.1027]
						},
						"0.125": {
							"vector": [3.54002, -3.53329, -45.10922]
						}
					}
				},
				"left_leg_3": {
					"rotation": {
						"0.0": {
							"vector": [2.87277, 4.09405, 35.1027]
						},
						"0.125": {
							"vector": [3.54002, 3.53329, 45.10922]
						}
					}
				},
				"left_leg_2": {
					"rotation": {
						"0.0": {
							"vector": [7.24677, 10.21235, 35.6484]
						},
						"0.125": {
							"vector": [8.90928, 8.80348, 45.68718]
						}
					}
				},
				"left_leg_1": {
					"rotation": {
						"0.0": {
							"vector": [14.97401, 20.25437, 37.68944]
						},
						"0.125": {
							"vector": [18.2489, 17.38772, 47.81374]
						}
					}
				},
				"main": {
					"position": {
						"0.0": {
							"vector": [0, 0, 0]
						},
						"0.2917": {
							"vector": [0, 0, 4]
						}
					},
					"scale": {
						"0.125": {
							"vector": [1, 1, 1]
						},
						"0.2917": {
							"vector": [0.4, 0.4, 0.4]
						}
					}
				}
			}
		},
		"animation.hermit_crab.dance": {
			"loop": true,
			"animation_length": 0.5,
			"bones": {
				"right_leg_1": {
					"rotation": {
						"0.0": {
							"vector": [11.14843, -22.52101, -27.22644]
						},