{
	"format_version": "1.8.0",
	"animations": {
		"animation.spectral_bat.fly": {
			"loop": true,
			"animation_length": 1,
			"bones": {
				"spectral_bat": {
					"position": {
						"0.0": {
							"vector": [0, 0, 0]
						},
						"0.1667": {
							"vector": [0, 1, 0]
						},
						"0.3333": {
							"vector": [0, 0, 0]
						},
						"0.5": {
							"vector": [0, 1, 0]
						},
						"0.6667": {
							"vector": [0, 0, 0]
						},
						"0.8333": {
							"vector": [0, 1, 0]
						},
						"1.0": {
							"vector": [0, 0, 0]
						}
					}
				},
				"left_wing": {
					"rotation": {
						"0.0": {
							"vector": [8.26511, -24.77164, -3.48303]
						},
						"0.1667": {
							"vector": [9.7516, 39.58992, 6.25038]
						},
						"0.3333": {
							"vector": [8.26511, -24.77164, -3.48303]
						},
						"0.5": {
							"vector": [9.7516, 39.58992, 6.25038]
						},
						"0.6667": {
							"vector": [8.26511, -24.77164, -3.48303]
						},
						"0.8333": {
							"vector": [9.7516, 39.58992, 6.25038]
						},
						"1.0": {
							"vector": [8.26511, -24.77164, -3.48303]
						}
					}
				},
				"right_wing": {
					"rotation": {
						"0.0": {
							"vector": [8.26511, 24.77164, 3.48303]
						},
						"0.1667": {
							"vector": [9.7516, -39.58992, -6.25038]
						},
						"0.3333": {
							"vector": [8.26511, 24.77164, 3.48303]
						},
						"0.5": {
							"vector": [9.7516, -39.58992, -6.25038]
						},
						"0.6667": {
							"vector": [8.26511, 24.77164, 3.48303]
						},
						"0.8333": {
							"vector": [9.7516, -39.58992, -6.25038]
						},
						"1.0": {
							"vector": [8.26511, 24.77164, 3.48303]
						}
					}
				},
				"body": {
					"rotation": {
						"vector": [67.5, 0, 0]
					}
				},
				"head": {
					"rotation": {
						"0.0": {
							"vector": [-50, 0, 0]
						},
						"0.1667": {
							"vector": [-47.5, 0, 0]
						},
						"0.3333": {
							"vector": [-50, 0, 0]
						},
						"0.5": {
							"vector": [-47.5, 0, 0]
						},
						"0.6667": {
							"vector": [-50, 0, 0]
						},
						"0.8333": {
							"vector": [-47.5, 0, 0]
						},
						"1.0": {
							"vector": [-50, 0, 0]
						}
					}
				},
				"tail": {
					"rotation": {
						"0.0": {
							"vector": [-12.5, 0, 0]
						},
						"0.1667": {
							"vector": [-17.5, 0, 0]
						},
						"0.3333": {
							"vector": [-12.5, 0, 0]
						},
						"0.5": {
							"vector": [-17.5, 0, 0]
						},
						"0.6667": {
							"vector": [-12.5, 0, 0]
						},
						"0.8333": {
							"vector": [-17.5, 0, 0]
						},
						"1.0": {
							"vector": [-12.5, 0, 0]
						}
					}
				},
				"right_leg": {
					"rotation": {
						"0.0": {
							"vector": [0, 0, 0]
						},
						"0.1667": {
							"vector": [-7.5, 0, 0]
						},
						"0.3333": {
							"vector": [0, 0, 0]
						},
						"0.5": {
							"vector": [-7.5, 0, 0]
						},
						"0.6667": {
							"vector": [0, 0, 0]
						},
						"0.8333": {
							"vector": [-7.5, 0, 0]
						},
						"1.0": {
							"vector": [0, 0, 0]
						}
					}
				},
				"left_leg": {
					"rotation": {
						"0.0": {
							"vector": [0, 0, 0]
						},
						"0.1667": {
							"vector": [-5, 0, 0]
						},
						"0.3333": {
							"vector": [0, 0, 0]
						},
						"0.5": {
							"vector": [-5, 0, 0]
						},
						"0.6667": {
							"vector": [0, 0, 0]
						},
						"0.8333": {
							"vector": [-5, 0, 0]
						},
						"1.0": {
							"vector": [0, 0, 0]
						}
					}
				},
				"right_ear": {
					"rotation": {
						"0.25": {
							"vector": [0, 0, 0]
						},
						"0.4167": {
							"vector": [-2.5, 0, 0]
						},
						"0.5833": {
							"vector": [0, 0, 0]
						}
					}
				},
				"left_ear": {
					"rotation": {
						"0.3333": {
							"vector": [0, 0, 0]
						},
						"0.5": {
							"vector": [2.5, 0, 0]
						},
						"0.6667": {
							"vector": [0, 0, 0]
						}
					}
				},
				"right_wing_tip": {
					"rotation": {
						"0.0": {
							"vector": [0, -10, 0]
						},
						"0.1667": {
							"vector": [0, 10, 0]
						},
						"0.3333": {
							"vector": [0, -10, 0]
						},
						"0.5": {
							"vector": [0, 10, 0]
						},
						"0.6667": {
							"vector": [0, -10, 0]
						},
						"0.8333": {
							"vector": [0, 10, 0]
						},
						"1.0": {
							"vector": [0, -10, 0]
						}
					}
				},
				"left_wing_tip": {
					"rotation": {
						"0.0": {
							"vector": [0, 10, 0]
						},
						"0.1667": {
							"vector": [0, -10, 0]
						},
						"0.3333": {
							"vector": [0, 10, 0]
						},
						"0.5": {
							"vector": [0, -10, 0]
						},
						"0.6667": {
							"vector": [0, 10, 0]
						},
						"0.8333": {
							"vector": [0, -10, 0]
						},
						"1.0": {
							"vector": [0, 10, 0]
						}
					}
				},
				"eyes": {
					"scale": {
						"0.75": {
							"vector": [1, 1, 1]
						},
						"0.875": {
							"vector": [1, 0, 1]
						},
						"1.0": {
							"vector": [1, 1, 1]
						}
					}
				}
			}
		},
		"animation.spectral_bat.hang": {
			"loop": true,
			"animation_length": 0.25,
			"bones": {
				"spectral_bat": {
					"rotation": {
						"vector": [180, 0, 0]
					},
					"position": {
						"vector": [0, 2, 0]
					}
				},
				"left_wing": {
					"rotation": {
						"vector": [0, 75, 0]
					}
				},
				"right_wing": {
					"rotation": {
						"vector": [0, -75, 0]
					}
				},
				"tail": {
					"rotation": {
						"vector": [72.5, 0, 0]
					}
				},
				"right_wing_tip": {
					"rotation": {
						"vector": [0, -120, 0]
					}
				},
				"left_wing_tip": {
					"rotation": {
						"vector": [0, 120, 0]
					}
				},
				"eyes": {
					"scale": {
						"vector": [1, 0, 1]
					}
				}
			}
		}
	},
	"geckolib_format_version": 2
}